{
  "calendar": [
    {
      "id": 101,
      "courseName": "Spring Boot",
      "duration": "2"
    },
    {
      "id": 102,
      "courseName": "Angular",
      "duration": "3"
    },
    {
      "id": 104,
      "courseName": "React",
      "duration": "4"
    },
    {
      "id": 105
    },
    {
      "id": 106
    },
    {
      "id": 107
    },
    {
      "id": 108
    },
    {
      "id": 109
    },
    {
      "id": "001",
      "courseName": "32",
      "duration": "3"
    },
    {
      "id": 110
    },
    {
      "id": 111
    },
    {
      "id": 112
    },
    {
      "id": "89",
      "courseName": "adsa",
      "duration": "5"
    },
    {
      "id": "891",
      "courseName": "adsa",
      "duration": "5"
    }
  ]
}